id;name;date;description
1;stark snowman reputation;2024-04-23T09:12:53;fast lasting
2;meaty quietly than;2024-04-23T10:45:06;severe overpower
3;cinch mmm rip;2024-04-23T05:04:48;abnormality behind
4;absorb brr badger;2024-04-23T15:07:08;murmur ouch whenever
5;woot clef wrathful;2024-04-23T09:12:49;intersperse yowza yippee
6;experience warmly however;2024-04-23T08:45:28;purify yuck
7;aside bah;2024-04-23T15:22:47;toward until
8;editorial bravely;2024-04-23T08:15:16;stale gosh
9;real;2024-04-23T13:26:11;foster hospitable shoddy
10;plus over;2024-04-23T03:10:31;yahoo
